City_ID,City,Country,Lat,Lng,Max Temp,Humidity,Cloudiness,Wind Speed,Current Description
0,Aqtobe,KZ,50.2797,57.2072,50.09,76,75,8.95,broken clouds
1,Hilo,US,19.7297,-155.09,76.73,84,100,11.5,overcast clouds
2,Portland,US,45.5234,-122.6762,56.61,50,75,13.8,broken clouds
3,Wonthaggi,AU,-38.6044,145.5913,67.82,74,30,11.32,scattered clouds
4,Westport,US,41.1415,-73.3579,55.89,62,20,13.8,light rain
5,Key Largo,US,25.0865,-80.4473,77.0,50,93,20.87,overcast clouds
6,Khatanga,RU,71.9667,102.5,-5.28,100,93,2.35,overcast clouds
7,Ancud,CL,-41.8697,-73.8203,47.23,82,100,7.9,light rain
8,Mataura,NZ,-46.1927,168.8643,57.11,61,33,4.92,scattered clouds
9,Vestmannaeyjar,IS,63.4427,-20.2734,39.22,67,100,27.98,overcast clouds
10,Aguimes,ES,27.9054,-15.4461,61.43,63,20,17.27,few clouds
11,Labuhan,ID,-6.8844,112.2051,76.66,88,99,7.99,overcast clouds
12,Lebu,CL,-37.6167,-73.65,52.63,85,71,0.74,broken clouds
13,Hermanus,ZA,-34.4187,19.2345,60.8,79,14,18.45,few clouds
14,Rikitea,PF,-23.1203,-134.9692,79.2,73,10,18.01,clear sky
15,Hobart,AU,-42.8794,147.3294,71.22,75,75,9.22,broken clouds
16,Tiksi,RU,71.6872,128.8694,-10.77,100,91,5.68,overcast clouds
17,Baghdad,IQ,33.3406,44.4009,66.11,39,0,2.3,clear sky
18,Kapaa,US,22.0752,-159.319,80.58,75,40,10.36,scattered clouds
19,Dawson,US,31.7735,-84.4466,63.82,45,5,11.9,clear sky
20,Arraial Do Cabo,BR,-22.9661,-42.0278,76.86,90,86,11.05,overcast clouds
21,Kenai,US,60.5544,-151.2583,37.02,34,0,11.5,clear sky
22,Ushuaia,AR,-54.8,-68.3,47.86,66,20,3.44,few clouds
23,Krasnyy Oktyabr,RU,56.1167,38.8833,42.1,94,100,8.59,overcast clouds
24,Anori,BR,-3.7728,-61.6442,75.18,99,100,1.99,overcast clouds
25,Avarua,CK,-21.2078,-159.775,86.05,74,20,8.05,few clouds
26,Upernavik,GL,72.7868,-56.1549,-3.41,99,60,4.85,broken clouds
27,Jamestown,US,42.097,-79.2353,37.53,43,100,12.66,overcast clouds
28,Lompoc,US,34.6391,-120.4579,79.12,62,0,30.0,haze
29,Butaritari,KI,3.0707,172.7902,80.2,80,88,12.77,light rain
30,Bonavista,CA,48.6499,-53.1147,33.55,95,100,24.18,snow
31,Stepantsevo,RU,56.1314,41.7032,37.8,98,94,5.7,overcast clouds
32,Boda,CF,4.3189,17.4695,76.93,56,98,3.91,overcast clouds
33,Luba,GQ,3.4568,8.5547,80.37,81,100,3.27,overcast clouds
34,Albany,US,42.6001,-73.9662,50.04,70,70,1.01,broken clouds
35,Castro,BR,-24.7911,-50.0119,69.26,77,93,3.33,overcast clouds
36,Puerto Narino,CO,-3.7703,-70.3831,76.53,96,97,1.41,overcast clouds
37,Katsuura,JP,35.1333,140.3,63.39,76,0,7.31,clear sky
38,Yellowknife,CA,62.456,-114.3525,30.42,65,75,21.85,broken clouds
39,Goderich,CA,43.7501,-81.7165,34.92,80,100,1.14,overcast clouds
40,Bluff,NZ,-46.6,168.3333,58.03,73,43,23.6,scattered clouds
41,Bredasdorp,ZA,-34.5322,20.0403,62.33,84,51,17.45,broken clouds
42,Georgetown,MY,5.4112,100.3354,78.73,93,20,2.3,few clouds
43,Puerto Ayora,EC,-0.7393,-90.3518,82.36,75,85,7.05,overcast clouds
44,Rorvik,NO,64.8621,11.2373,40.59,79,97,11.86,overcast clouds
45,Viedma,AR,-40.8135,-62.9967,61.7,89,100,17.09,heavy intensity rain
46,Anda,CN,46.4,125.3167,54.59,36,83,17.67,broken clouds
47,Ahipara,NZ,-35.1667,173.1667,68.25,65,99,4.74,overcast clouds
48,Punta Arenas,CL,-53.15,-70.9167,48.31,76,40,8.05,scattered clouds
49,Lavrentiya,RU,65.5833,-171.0,21.06,93,96,5.66,overcast clouds
50,Kodiak,US,57.79,-152.4072,38.71,33,0,11.5,clear sky
51,East London,ZA,-33.0153,27.9116,64.24,91,100,10.09,moderate rain
52,Provideniya,RU,64.3833,-173.3,33.01,96,100,16.55,light snow
53,Cape Town,ZA,-33.9258,18.4232,63.91,70,0,11.99,clear sky
54,Ofaqim,IL,31.3141,34.6203,59.31,81,1,4.81,clear sky
55,Praia Da Vitoria,PT,38.7333,-27.0667,54.75,87,40,26.66,scattered clouds
56,Saldanha,ZA,-33.0117,17.9442,66.25,53,0,11.14,clear sky
57,Tekirdag,TR,40.978,27.5085,54.75,87,0,5.32,clear sky
58,Brae,GB,60.3964,-1.353,37.04,60,100,19.01,overcast clouds
59,Dharchula,IN,29.85,80.5333,62.22,32,0,8.5,clear sky
60,Richards Bay,ZA,-28.783,32.0377,67.21,84,100,3.04,light rain
61,Busselton,AU,-33.65,115.3333,62.65,64,65,14.92,broken clouds
62,Naze,JP,28.3667,129.4833,67.12,89,92,9.24,overcast clouds
63,Havre De Grace,US,39.5493,-76.0916,54.63,51,40,9.22,scattered clouds
64,Bethel,US,41.3712,-73.414,51.55,74,100,10.36,overcast clouds
65,Vaini,TO,-21.2,-175.2,80.76,89,40,8.05,light intensity drizzle
66,Olomouc,CZ,49.5955,17.2518,39.97,83,85,4.27,overcast clouds
67,Kaitangata,NZ,-46.2817,169.8464,59.04,61,23,10.38,few clouds
68,Los Llanos De Aridane,ES,28.6585,-17.9182,60.55,88,100,8.05,overcast clouds
69,Kavieng,PG,-2.5744,150.7967,82.63,72,91,4.07,overcast clouds
70,Atuona,PF,-9.8,-139.0333,79.21,80,17,21.79,light rain
71,San Rafael,AR,-34.6177,-68.3301,75.25,42,0,10.02,clear sky
72,Clyde River,CA,70.4692,-68.5914,3.43,85,100,2.3,light snow
73,Deputatskiy,RU,69.3,139.9,-7.38,91,81,2.06,broken clouds
74,Nantucket,US,41.2835,-70.0995,53.71,84,0,16.11,clear sky
75,Athabasca,CA,54.7169,-113.2854,36.01,80,100,24.74,overcast clouds
76,Airai,TL,-8.9266,125.4092,62.87,62,97,2.28,overcast clouds
77,San Cristobal,VE,7.7669,-72.225,80.78,58,50,2.15,scattered clouds
78,Ponta Do Sol,PT,32.6667,-17.1,62.01,76,25,5.46,scattered clouds
79,Longyearbyen,SJ,78.2186,15.6401,19.24,68,20,14.97,few clouds
80,Saint George,US,37.1041,-113.5841,87.64,9,0,23.02,clear sky
81,New Norfolk,AU,-42.7826,147.0587,71.89,61,90,1.01,overcast clouds
82,Humaita,BR,-7.5061,-63.0208,75.67,97,99,2.44,light rain
83,Vila Franca Do Campo,PT,37.7167,-25.4333,57.61,72,68,23.17,broken clouds
84,Roma,US,43.2128,-75.4557,48.38,54,0,14.97,clear sky
85,Prince Rupert,CA,54.3161,-130.3201,41.09,81,20,8.05,few clouds
86,Laramie,US,41.3114,-105.5911,61.18,20,0,32.21,clear sky
87,Cherrapunji,IN,25.3,91.7,55.74,90,34,2.8,scattered clouds
88,Adrar,MR,20.5022,-10.0711,79.72,7,0,8.16,clear sky
89,Cativa,PA,9.3606,-79.8436,81.34,90,100,5.99,overcast clouds
90,Taitung,TW,22.7583,121.1444,70.07,88,75,4.61,light intensity drizzle
91,Ostrovnoy,RU,68.0531,39.5131,31.17,86,50,17.09,scattered clouds
92,Bontang,ID,0.1333,117.5,76.24,90,100,7.78,overcast clouds
93,Buala,SB,-8.145,159.5921,84.31,68,82,5.03,broken clouds
94,Taltal,CL,-25.4,-70.4833,63.88,76,23,4.38,few clouds
95,San Vicente,AR,-26.6167,-54.1333,64.56,83,0,3.33,clear sky
96,Severo-Kurilsk,RU,50.6789,156.125,31.06,72,100,7.54,overcast clouds
97,Flinders,AU,-34.5833,150.8552,67.17,94,11,5.99,few clouds
98,Lampazos De Naranjo,MX,27.0167,-100.5167,89.02,21,72,14.05,broken clouds
99,Port Lincoln,AU,-34.7333,135.8667,69.76,42,92,7.56,overcast clouds
100,Ilulissat,GL,69.2167,-51.1,14.02,67,75,4.61,broken clouds
101,Venado Tuerto,AR,-33.7456,-61.9688,73.76,48,0,8.88,clear sky
102,Samarai,PG,-10.6167,150.6667,83.89,76,17,18.25,few clouds
103,Sao Felix Do Xingu,BR,-6.6447,-51.995,73.6,96,88,1.7,overcast clouds
104,Sokolow Podlaski,PL,52.4068,22.2531,34.29,81,7,9.13,clear sky
105,Savda,IN,21.15,75.8833,86.18,26,85,9.55,overcast clouds
106,Nanortalik,GL,60.1432,-45.2371,29.97,80,7,3.06,clear sky
107,Zapolyarnyy,RU,69.4154,30.8136,33.08,90,75,9.93,broken clouds
108,Dikson,RU,73.5069,80.5464,6.85,98,99,4.38,overcast clouds
109,Port Macquarie,AU,-31.4333,152.9167,69.89,81,11,5.26,few clouds
110,Mamonovo,RU,54.4643,19.938,38.91,75,8,20.67,clear sky
111,Grand-Santi,GF,4.25,-54.3833,73.99,99,100,2.46,moderate rain
112,Cidreira,BR,-30.1811,-50.2056,69.82,90,81,7.81,broken clouds
113,Tasiilaq,GL,65.6145,-37.6368,21.36,91,90,1.81,overcast clouds
114,Port Elizabeth,ZA,-33.918,25.5701,65.1,96,100,8.99,overcast clouds
115,Saint-Philippe,RE,-21.3585,55.7679,76.59,84,43,11.25,light rain
116,San Carlos De Bariloche,AR,-41.1456,-71.3082,47.95,66,40,18.41,scattered clouds
117,Caucaia,BR,-3.7361,-38.6531,80.55,82,20,3.44,few clouds
118,Raymondville,US,26.4815,-97.7831,82.51,30,23,23.11,few clouds
119,Marabba,SD,12.35,32.1833,94.35,25,81,12.86,broken clouds
120,Nouadhibou,MR,20.931,-17.0347,62.58,88,0,16.11,clear sky
121,Geraldton,AU,-28.7667,114.6,61.21,72,75,8.05,broken clouds
122,Faya,SA,18.3851,42.4509,60.91,49,0,1.72,clear sky
123,Morelia,MX,19.7008,-101.1844,72.39,52,76,3.87,broken clouds
124,Trogir,HR,43.5125,16.2517,46.45,66,20,14.97,few clouds
125,Nikolskoye,RU,59.7035,30.7861,36.88,92,98,5.86,overcast clouds
126,Pevek,RU,69.7008,170.3133,-12.68,90,33,1.57,scattered clouds
127,Moorhead,US,46.8739,-96.7676,52.99,54,0,18.41,clear sky
128,Kizema,RU,61.113,44.8302,38.75,99,100,6.96,overcast clouds
129,San Luis,AR,-33.295,-66.3356,70.02,53,1,8.9,clear sky
130,Grindavik,IS,63.8424,-22.4338,37.87,87,75,25.32,broken clouds
131,Mahebourg,MU,-20.4081,57.7,77.29,88,40,6.91,scattered clouds
132,Berlevag,NO,70.8578,29.0864,37.2,85,100,20.92,overcast clouds
133,Meulaboh,ID,4.1363,96.1285,76.71,89,83,3.38,broken clouds
134,Anadyr,RU,64.75,177.4833,27.1,80,40,17.9,scattered clouds
135,Coracao De Jesus,BR,-16.6853,-44.365,79.2,52,78,4.65,broken clouds
136,Maracaju,BR,-21.6144,-55.1683,74.01,85,83,4.9,broken clouds
137,Port Alfred,ZA,-33.5906,26.891,62.19,94,100,5.01,overcast clouds
138,Hithadhoo,MV,-0.6,73.0833,82.8,74,56,10.45,broken clouds
139,Twin Falls,US,42.3505,-114.6445,44.94,23,20,29.93,few clouds
140,Vung Tau,VN,10.346,107.0843,78.71,78,87,5.61,overcast clouds
141,Khanpur,PK,28.6453,70.6567,84.58,11,16,8.63,few clouds
142,Isla Mujeres,MX,21.2311,-86.731,78.85,55,22,16.49,few clouds
143,Dakar,SN,14.6937,-17.4441,74.28,64,0,16.11,clear sky
144,Klaksvik,FO,62.2266,-6.589,29.32,70,100,15.86,light snow
145,Cabras,IT,39.93,8.5314,54.9,65,33,18.5,scattered clouds
146,Ribeira Grande,PT,38.5167,-28.7,56.41,68,46,37.31,scattered clouds
147,Sao Filipe,CV,14.8961,-24.4956,74.62,69,50,9.04,scattered clouds
148,Mahanje,TZ,-9.9333,35.3333,62.11,97,19,1.05,light rain
149,Zhangye,CN,38.9342,100.4517,54.95,23,1,6.31,clear sky
150,Doctor Juan Leon Mallorquin,PY,-25.4,-55.2667,74.93,82,61,3.49,broken clouds
151,Boguchany,RU,58.3814,97.4531,28.47,98,100,2.3,light snow
152,Itatuba,BR,-7.375,-35.6283,81.41,87,75,5.5,broken clouds
153,Leningradskiy,RU,69.3833,178.4167,-8.12,84,23,4.59,few clouds
154,Caravelas,BR,-17.7125,-39.2481,77.11,82,12,5.59,few clouds
155,Adre,TD,13.4667,22.2,84.27,16,58,4.61,broken clouds
156,Chifeng,CN,42.2683,118.9636,56.28,48,99,7.45,overcast clouds
157,Kushmurun,KZ,52.4503,64.6311,40.06,71,100,13.04,overcast clouds
158,Rapid Valley,US,44.0625,-103.1463,54.32,44,20,27.63,few clouds
159,Norman Wells,CA,65.282,-126.8329,15.84,57,75,24.16,broken clouds
160,Hunchun,CN,42.8675,130.3581,51.71,64,44,4.16,scattered clouds
161,Souillac,MU,-20.5167,57.5167,77.38,88,40,6.91,scattered clouds
162,Byron Bay,AU,-28.65,153.6167,67.95,80,50,5.82,scattered clouds
163,Pont-A-Mousson,FR,48.9079,6.0589,37.31,89,0,9.22,clear sky
164,Tambura,SS,5.6,27.4667,76.14,53,75,4.36,broken clouds
165,Hasaki,JP,35.7333,140.8333,61.2,74,0,6.98,clear sky
166,Thompson,CA,55.7435,-97.8558,39.36,60,100,10.36,overcast clouds
167,Raseiniai,LT,55.3736,23.1217,34.12,76,5,12.15,clear sky
168,Lagoa,PT,39.05,-27.9833,55.02,73,48,39.08,scattered clouds
169,Salalah,OM,17.0151,54.0924,80.69,78,0,1.14,clear sky
170,Tuktoyaktuk,CA,69.4541,-133.0374,6.8,78,100,24.16,light snow
171,Resistencia,AR,-27.4606,-58.9839,77.11,73,75,5.75,thunderstorm
172,Chulman,RU,56.8479,124.9104,1.94,97,75,1.59,broken clouds
173,Alofi,NU,-19.0595,-169.9187,84.09,79,16,6.91,few clouds
174,Itaquyry,PY,-24.9333,-55.2167,74.25,86,85,3.53,overcast clouds
175,Guerrero Negro,MX,27.9769,-114.0611,77.9,41,2,15.28,clear sky
176,Nicoya,CR,10.1483,-85.452,81.97,53,95,10.04,overcast clouds
177,Eydhafushi,MV,5.1033,73.0708,84.16,73,100,11.56,overcast clouds
178,Chazuta,PE,-6.5742,-76.1367,77.85,98,100,2.48,overcast clouds
179,Batagay-Alyta,RU,67.8006,130.4114,2.64,90,58,4.16,broken clouds
180,Katherine,AU,-14.4667,132.2667,73.72,46,99,5.75,overcast clouds
181,Port Hardy,CA,50.6996,-127.4199,39.38,87,100,6.91,light intensity shower rain
182,Kitsuki,JP,33.4167,131.6167,55.2,76,0,3.44,clear sky
183,Horadiz,AZ,39.4488,47.3353,56.48,67,100,2.06,overcast clouds
184,Valdivia,CL,-39.8142,-73.2459,55.49,96,31,2.46,scattered clouds
185,Mago,RU,53.2514,140.1822,23.43,81,88,0.51,overcast clouds
186,Laguna,US,38.421,-121.4238,78.15,13,0,18.41,clear sky
187,Trincomalee,LK,8.5711,81.2335,78.08,85,100,10.54,overcast clouds
188,Bengkulu,ID,-3.8004,102.2655,76.24,86,98,3.42,overcast clouds
189,Kurumkan,RU,54.3,110.3,30.27,79,100,2.98,overcast clouds
190,Tabou,CI,4.423,-7.3528,81.27,86,73,6.04,light rain
191,Cherskiy,RU,68.75,161.3,-7.17,93,82,2.44,broken clouds
192,Collie,AU,-33.3667,116.15,49.69,73,62,4.32,broken clouds
193,Karpathos,GR,35.507,27.2132,60.76,88,56,4.61,broken clouds
194,Anloga,GH,5.7947,0.8973,82.17,81,100,10.09,overcast clouds
195,Rawson,AR,-43.3002,-65.1023,61.16,91,100,20.87,overcast clouds
196,Matara,LK,5.9485,80.5353,76.26,89,94,8.32,overcast clouds
197,Sisimiut,GL,66.9395,-53.6735,15.78,84,100,5.82,overcast clouds
198,Olafsvik,IS,64.8945,-23.7142,38.43,89,100,28.66,overcast clouds
199,Manihari,IN,25.35,87.6333,74.77,75,0,7.47,clear sky
200,Atar,MR,20.5169,-13.0499,77.45,8,0,5.5,clear sky
201,Clarence Town,AU,-32.5833,151.7833,72.86,82,7,0.6,clear sky
202,Bani,DO,18.2833,-70.3333,81.84,76,100,7.76,overcast clouds
203,Valle De Allende,MX,26.9333,-105.4,82.85,12,93,10.18,overcast clouds
204,Krasnyy Tkach,RU,55.4721,39.0802,43.92,86,100,9.91,overcast clouds
205,Waipawa,NZ,-41.4122,175.5153,60.93,65,26,3.15,scattered clouds
206,Tura,IN,25.5198,90.2201,68.56,94,0,4.0,moderate rain
207,Bilibino,RU,68.0546,166.4372,-5.12,84,99,1.88,overcast clouds
208,Aklavik,CA,68.2191,-135.0107,8.6,66,75,14.97,broken clouds
209,Wilmington,US,34.2257,-77.9447,54.9,43,88,3.0,overcast clouds
210,Welkom,ZA,-27.9864,26.7066,55.35,82,100,11.03,overcast clouds
211,Helong,CN,42.5397,128.9972,57.9,62,57,3.71,broken clouds
212,Mae Sai,TH,20.4335,99.8762,72.37,65,53,1.28,broken clouds
213,Komsomolskiy,UZ,40.4272,71.7189,66.92,55,95,4.61,overcast clouds
214,Chokurdakh,RU,70.6333,147.9167,-8.72,96,99,4.32,overcast clouds
215,Kanakapura,IN,12.55,77.4167,74.28,73,100,3.27,overcast clouds
216,Sri Aman,MY,1.2376,111.4621,73.45,100,100,5.01,overcast clouds
217,Nishihara,JP,26.1842,127.7558,72.68,92,100,9.22,overcast clouds
218,Carnarvon,AU,-24.8667,113.6333,66.27,72,100,9.22,overcast clouds
219,Buin,CL,-33.7333,-70.75,71.92,50,85,4.76,overcast clouds
220,Kargat,RU,55.1956,80.2811,30.34,83,100,5.7,overcast clouds
221,Vao,NC,-22.6667,167.4833,77.0,86,51,19.6,broken clouds
222,Biak,ID,-0.9131,122.8766,77.7,79,100,3.8,overcast clouds
223,Qaanaaq,GL,77.484,-69.3632,-1.48,74,95,4.43,overcast clouds
224,Tateyama,JP,34.9833,139.8667,66.09,74,0,4.63,clear sky
225,Buraydah,SA,26.326,43.975,75.65,13,3,9.91,clear sky
226,Weinan,CN,34.5036,109.5089,64.11,49,0,1.23,clear sky
227,Codrington,AU,-38.2667,141.9667,68.92,62,90,15.88,overcast clouds
228,La Ronge,CA,55.1001,-105.2842,43.05,52,75,12.66,broken clouds
229,Galle,LK,6.0367,80.217,78.64,83,99,9.66,overcast clouds
230,Hebi,CN,35.8992,114.1925,65.79,49,0,4.05,clear sky
231,Walvis Bay,NA,-22.9575,14.5053,54.55,94,0,2.3,clear sky
232,Aykhal,RU,66.0,111.5,10.33,94,46,2.48,scattered clouds
233,Raudeberg,NO,61.9875,5.1352,38.07,88,100,32.12,overcast clouds
234,Daru,PG,-9.0763,143.2092,76.66,90,100,5.44,light rain
235,Nalut,LY,30.3333,10.85,66.81,26,0,15.43,clear sky
236,Tazovskiy,RU,67.4667,78.7,-17.68,100,84,5.75,broken clouds
237,Kita,ML,13.0349,-9.4895,89.76,11,27,4.63,scattered clouds
238,Barrow,US,71.2906,-156.7887,-9.38,64,0,12.66,clear sky
239,Sattahip,TH,12.6664,100.9007,83.98,83,20,4.61,mist
240,Narsaq,GL,60.9167,-46.05,35.82,63,3,3.76,clear sky
241,Coahuayana,MX,18.7333,-103.6833,86.02,49,29,7.43,scattered clouds
242,Ust-Kuyga,RU,70.0167,135.6,-5.51,82,32,4.25,scattered clouds
243,Valle Hermoso,MX,25.6667,-97.8333,82.26,48,8,25.79,clear sky
244,Lodja,CD,-3.4833,23.4333,68.45,99,95,2.17,moderate rain
245,Beberibe,BR,-4.1797,-38.1306,79.39,83,83,8.19,broken clouds
246,Saint-Joseph,RE,-21.3667,55.6167,75.58,83,26,12.06,light rain
247,Gornopravdinsk,RU,60.05,69.9,9.59,98,55,3.0,broken clouds
248,Chuy,UY,-33.6971,-53.4616,67.03,85,34,10.38,scattered clouds
249,Sitka,US,57.0531,-135.33,42.69,65,40,10.36,scattered clouds
250,Lisieux,FR,49.1667,0.1667,42.53,82,9,3.51,clear sky
251,Ishigaki,JP,24.3448,124.1572,73.53,94,75,10.36,broken clouds
252,Santa Rosa,PH,14.3122,121.1114,81.01,80,50,5.1,scattered clouds
253,Wejherowo,PL,54.6057,18.2356,40.82,72,24,10.0,few clouds
254,Manakara,MG,-22.1333,48.0167,74.01,86,57,4.56,light rain
255,Hinton,CA,53.4001,-117.5857,37.76,41,100,14.61,overcast clouds
256,Puerto Ayacucho,VE,5.6639,-67.6236,83.01,72,92,6.22,overcast clouds
257,Sola,VU,-13.8833,167.55,82.53,69,71,13.62,broken clouds
258,Lubang,PH,13.8584,120.124,81.0,76,100,13.15,overcast clouds
259,Bubaque,GW,11.2833,-15.8333,76.41,72,19,18.1,few clouds
260,Marataizes,BR,-21.0433,-40.8244,77.13,89,88,9.8,overcast clouds
261,Santa Fe,AR,-31.6333,-60.7,76.98,76,1,1.99,clear sky
262,Axim,GH,4.8699,-2.2405,80.49,84,70,4.36,broken clouds
263,Guane,CU,22.2025,-84.0875,76.28,46,28,14.05,scattered clouds
264,Comodoro Rivadavia,AR,-45.8667,-67.5,57.06,94,100,3.44,moderate rain
265,Havre-Saint-Pierre,CA,50.2334,-63.5986,34.16,100,100,4.61,mist
266,Valentin Gomez Farias,MX,28.2167,-106.5833,65.95,38,98,11.86,overcast clouds
267,Bobo Dioulasso,BF,11.1771,-4.2979,93.51,22,68,6.76,broken clouds
268,Olinda,BR,-8.0089,-34.8553,82.13,74,40,11.5,scattered clouds
269,Hollins,US,37.3413,-79.9431,48.58,53,40,13.8,scattered clouds
270,Namibe,AO,-15.1961,12.1522,71.02,78,6,4.03,clear sky
271,Dir,PK,35.2058,71.8756,59.29,36,1,11.05,clear sky
272,Oruro,BO,-17.9833,-67.15,46.09,82,98,7.45,overcast clouds
273,Bratsk,RU,56.1325,101.6142,30.69,95,100,10.6,light snow
274,Kuytun,RU,54.3419,101.5036,27.16,84,67,10.16,broken clouds
275,Puerto Colombia,CO,10.9878,-74.9547,84.29,84,57,23.2,broken clouds
276,College,US,64.8569,-147.8028,19.29,42,20,5.75,few clouds
277,Purgstall,AT,48.0584,15.1348,39.42,87,100,7.94,overcast clouds
278,Yar-Sale,RU,66.8333,70.8333,8.82,95,100,7.83,overcast clouds
279,Talnakh,RU,69.4865,88.3972,-5.8,99,100,2.82,overcast clouds
280,Darhan,MN,49.4867,105.9228,34.32,79,77,2.1,broken clouds
281,Timizart,DZ,36.8,4.2667,52.34,84,22,3.22,few clouds
282,Pangnirtung,CA,66.1451,-65.7125,16.25,92,100,1.5,overcast clouds
283,Mundo Nuevo,MX,18.7,-95.5,76.14,63,84,18.01,broken clouds
284,Maragogi,BR,-9.0122,-35.2225,79.18,83,100,9.19,overcast clouds
285,Ocos,GT,14.5094,-92.1933,87.98,68,86,9.57,overcast clouds
286,Blythe,US,33.6103,-114.5964,100.85,6,0,19.57,clear sky
287,Lorengau,PG,-2.0226,147.2712,83.07,75,75,6.49,broken clouds
288,Mackay,AU,-21.15,149.2,77.68,88,100,14.97,overcast clouds
289,San Patricio,US,28.017,-97.5169,84.54,30,1,22.41,clear sky
290,Necochea,AR,-38.5473,-58.7368,63.48,80,27,14.36,scattered clouds
291,Dawson Creek,CA,55.7666,-120.2362,38.84,56,20,17.27,few clouds
292,Kilindoni,TZ,-7.9139,39.6668,83.05,72,7,11.83,clear sky
293,Den Helder,NL,52.9599,4.7593,44.58,68,75,17.0,broken clouds
294,Luderitz,NA,-26.6481,15.1594,63.93,65,0,5.75,clear sky
295,Saskylakh,RU,71.9167,114.0833,-13.54,97,26,0.85,scattered clouds
296,Niquelandia,BR,-14.4739,-48.4597,78.49,62,60,1.86,broken clouds
297,Lucapa,AO,-8.4192,20.7447,66.47,92,100,1.79,overcast clouds
298,Kota,IN,25.1833,75.8333,85.26,13,48,7.49,scattered clouds
299,Puerto Escondido,MX,15.85,-97.0667,84.06,64,29,6.33,scattered clouds
300,Banjar,ID,-8.19,114.9675,76.75,88,42,2.89,scattered clouds
301,Nowy Targ,PL,49.4778,20.0323,33.75,96,76,3.33,broken clouds
302,Shebunino,RU,46.4339,141.8603,39.16,70,20,6.58,few clouds
303,Vostok,RU,46.4856,135.8833,35.47,73,77,3.85,broken clouds
304,Halifax,CA,44.6453,-63.5724,50.52,93,88,1.14,overcast clouds
305,Atasu,KZ,48.6814,71.6433,42.84,70,100,8.93,overcast clouds
306,Odweyne,SO,9.4092,45.064,74.93,53,24,4.9,few clouds
307,Srednekolymsk,RU,67.45,153.6833,-2.65,92,100,6.76,light snow
308,Cololaca,HN,14.3,-88.8833,74.41,68,90,7.96,overcast clouds
309,Mosquera,CO,4.7059,-74.2302,62.69,72,75,11.5,broken clouds
310,Karatau,KZ,43.1667,70.4667,58.6,77,92,5.19,overcast clouds
311,Soyo,AO,-6.1349,12.3689,78.82,88,91,5.21,overcast clouds
312,Langres,FR,47.8333,5.3333,31.19,94,7,2.46,clear sky
313,Zhuhai,CN,22.2769,113.5678,69.58,94,20,4.61,few clouds
314,Vila Velha,BR,-20.3297,-40.2925,82.35,85,0,12.66,clear sky
315,Atherton,GB,53.5237,-2.4935,38.75,75,85,2.46,overcast clouds
316,Marzuq,YE,14.4,46.4667,66.51,37,0,4.63,clear sky
317,Boca Do Acre,BR,-8.7522,-67.3978,77.04,92,93,1.66,overcast clouds
318,Bandarbeyla,SO,9.4942,50.8122,79.54,80,98,4.59,overcast clouds
319,Linjiang,CN,41.8069,126.9078,55.0,75,22,4.72,few clouds
320,Ixtapa,MX,20.7,-105.2,86.25,52,2,7.49,clear sky
321,Coquimbo,CL,-29.9533,-71.3436,58.73,82,75,12.66,broken clouds
322,Matai,TZ,-8.3,31.5167,56.61,96,43,4.09,scattered clouds
323,La Llanada,CO,1.49,-77.5835,59.77,94,100,2.59,light rain
324,Aksu,CN,41.1231,80.2644,64.13,28,84,15.21,broken clouds
325,Vardo,NO,70.3705,31.1107,36.48,82,100,24.4,overcast clouds
326,Kawalu,ID,-7.3817,108.2082,70.21,91,80,1.99,broken clouds
327,Nome,US,64.5011,-165.4064,31.15,93,100,6.91,snow
328,Mulanje,MW,-16.0316,35.5,65.05,97,20,3.29,few clouds
329,Nyurba,RU,63.2842,118.3319,11.17,99,98,1.61,overcast clouds
330,Iqaluit,CA,63.7506,-68.5145,22.73,79,100,11.5,light snow
331,Diego De Almagro,CL,-26.3667,-70.05,64.78,40,28,4.72,scattered clouds
332,Kapoeta,SS,4.7717,33.5903,84.45,37,26,17.83,scattered clouds
333,Kilemary,RU,56.7783,46.8659,38.23,99,100,6.02,overcast clouds
334,Seydi,TM,39.4816,62.9137,74.35,25,93,10.02,overcast clouds
335,Visnes,NO,59.3556,5.2242,39.25,75,75,19.57,broken clouds
336,Sinnar,SD,13.5691,33.5672,93.13,15,41,7.78,scattered clouds
337,Shimoda,JP,34.6667,138.95,69.1,66,0,2.98,clear sky
338,Aberdeen,GB,57.1437,-2.0981,36.09,92,20,10.36,few clouds
339,Kiama,AU,-34.6833,150.8667,71.01,95,12,3.15,few clouds
340,Eyl,SO,7.9803,49.8164,79.74,82,79,6.8,broken clouds
341,Tommot,RU,58.9564,126.2925,13.41,90,53,0.78,broken clouds
342,Manaia,NZ,-39.55,174.1333,67.89,59,6,8.99,clear sky
343,Arawa,PG,-6.2132,155.5367,84.76,63,55,3.0,broken clouds
344,Te Anau,NZ,-45.4167,167.7167,56.71,60,24,1.3,few clouds
345,Kloulklubed,PW,7.0419,134.2556,77.5,80,100,20.04,overcast clouds
346,Lensk,RU,60.7253,114.9278,15.73,93,81,4.21,broken clouds
347,Touros,BR,-5.1989,-35.4608,80.69,80,74,11.83,broken clouds
348,Roald,NO,62.5833,6.1333,41.9,81,100,27.63,overcast clouds
349,Torbay,CA,47.6666,-52.7314,34.29,94,100,24.16,heavy snow
350,Isangel,VU,-19.55,169.2667,84.27,73,24,11.07,few clouds
351,Alekseyevsk,RU,57.8406,108.3492,20.97,94,100,1.99,overcast clouds
352,Inhambane,MZ,-23.865,35.3833,75.92,65,100,15.17,overcast clouds
353,Dunedin,NZ,-45.8742,170.5036,59.77,56,42,5.28,scattered clouds
354,Umm Kaddadah,SD,13.6017,26.6876,83.46,10,4,13.18,clear sky
355,Coracora,PE,-15.0333,-73.7833,52.2,79,100,2.39,overcast clouds
356,Harper,LR,4.375,-7.7169,81.21,86,99,6.29,light rain
357,Pontianak,ID,-0.0333,109.3333,75.18,94,40,0.0,scattered clouds
358,Arroio Grande,BR,-32.2375,-53.0869,66.47,84,31,8.5,scattered clouds
359,Hanyang,CN,32.1371,105.5126,59.86,83,0,0.89,clear sky
360,Esso,RU,55.9333,158.7,19.54,78,87,2.51,overcast clouds
361,Ketchikan,US,55.3422,-131.6461,45.07,53,20,12.66,few clouds
362,Cabo San Lucas,MX,22.8909,-109.9124,85.6,56,3,11.01,clear sky
363,Tanggul,ID,-8.1645,113.4525,74.48,93,62,1.86,broken clouds
364,Narasannapeta,IN,18.4167,84.05,78.44,92,89,8.39,overcast clouds
365,Fortuna,US,40.5982,-124.1573,55.92,62,0,20.71,clear sky
366,Pingliang,CN,35.5392,106.6861,56.73,52,1,2.26,clear sky
367,Lakhipur,IN,26.0299,90.3041,69.67,90,5,6.26,light rain
368,Moose Factory,CA,51.2585,-80.6094,30.2,86,100,10.36,overcast clouds
369,Nyrob,RU,60.733,56.7202,35.51,99,100,5.44,overcast clouds
370,Banff,CA,51.1762,-115.5698,40.23,32,100,5.75,overcast clouds
371,Billingham,GB,54.6083,-1.2921,39.33,71,96,1.81,overcast clouds
372,Victoria,HK,22.2855,114.1577,71.94,76,0,5.99,clear sky
373,Mar Del Plata,AR,-38.0023,-57.5575,66.09,96,100,15.01,overcast clouds
374,Belyy Yar,RU,53.6039,91.3903,31.86,84,75,4.47,light shower snow
375,Yuma,US,32.7253,-114.6244,97.88,11,0,12.66,clear sky
376,Hauterive,FR,46.0901,3.4459,36.36,88,20,1.41,few clouds
377,Zhicheng,CN,30.2956,111.5047,68.52,71,5,2.75,clear sky
378,Taoudenni,ML,22.6783,-3.9836,78.55,8,0,11.68,clear sky
379,Goundi,TD,9.3627,17.366,88.05,36,100,3.62,overcast clouds
380,Darya Khan,PK,31.7912,71.1039,80.83,16,2,4.68,clear sky
381,Bam,IR,29.106,58.357,77.59,11,94,9.35,overcast clouds
382,Camalu,MX,30.85,-116.0667,71.01,55,52,7.87,broken clouds
383,Independence,US,39.0911,-94.4155,64.11,28,0,16.11,clear sky
384,Maldonado,UY,-34.6667,-54.9167,67.39,81,99,7.85,overcast clouds
385,Bojnice,SK,48.7851,18.5864,39.78,87,100,1.99,overcast clouds
386,Bhuj,IN,23.2667,69.6667,76.33,68,12,7.65,few clouds
387,Mugumu,TZ,-1.85,34.7,60.91,62,71,5.17,broken clouds
388,Beziers,FR,43.3476,3.219,48.33,53,0,8.05,clear sky
389,Sistranda,NO,63.7256,8.834,37.36,75,99,14.56,overcast clouds
390,Kiryas Joel,US,41.342,-74.1679,50.99,69,70,5.32,broken clouds
391,Casper,US,42.8666,-106.3131,43.39,61,100,21.85,overcast clouds
392,Svetlogorsk,BY,52.6333,29.7333,38.8,92,100,4.85,overcast clouds
393,Valparaiso,CL,-33.0393,-71.6273,65.84,67,0,9.22,clear sky
394,Okha,RU,53.5739,142.9478,21.33,83,63,10.54,broken clouds
395,Sabha,LY,27.0377,14.4283,74.37,19,0,11.14,clear sky
396,High Level,CA,58.5169,-117.136,37.51,41,75,21.85,broken clouds
397,Tibati,CM,6.4667,12.6333,71.08,75,100,4.41,overcast clouds
398,Le Passage,FR,44.2014,0.6028,44.6,93,0,0.0,clear sky
399,Zaoyang,CN,32.1272,112.7542,63.36,72,0,7.56,clear sky
400,Havelock,US,34.8791,-76.9013,58.95,42,100,17.27,overcast clouds
401,Tevaitoa,PF,-16.7833,-151.5,82.69,74,69,18.21,broken clouds
402,La Malbaie,CA,47.6575,-70.1559,41.85,99,100,7.05,light rain
403,Medea,DZ,36.2642,2.7539,48.31,80,21,3.02,few clouds
404,Ponta Delgada,PT,37.7333,-25.6667,57.92,67,40,29.93,scattered clouds
405,Yakima,US,46.4665,-120.6678,53.53,33,40,23.02,scattered clouds
406,Moranbah,AU,-22.0016,148.0466,74.35,76,99,20.62,overcast clouds
407,Korce,AL,40.6186,20.7808,44.83,75,41,7.47,scattered clouds
408,Nilagiri,IN,21.4582,86.7722,75.07,94,15,7.92,few clouds
409,Abu Dhabi,AE,24.4667,54.3667,77.97,81,35,2.3,scattered clouds
410,Cockburn Town,TC,21.4612,-71.1419,78.55,79,67,14.25,broken clouds
411,Batemans Bay,AU,-35.7167,150.1833,65.1,84,9,2.77,clear sky
412,Ndioum,SN,16.5129,-14.6471,91.29,13,3,16.24,clear sky
413,Lazaro Cardenas,MX,17.9583,-102.2,83.08,59,100,11.52,overcast clouds
414,Hamilton,US,39.1834,-84.5333,43.43,65,100,14.97,overcast clouds
415,Beni Suef,EG,29.0731,31.0979,65.5,53,100,14.18,overcast clouds
416,Kem,RU,64.9555,34.5793,29.57,92,32,10.89,scattered clouds
417,Turayf,SA,31.6725,38.6637,61.05,33,0,4.61,clear sky
418,Kikwit,CD,-5.041,18.8162,71.13,96,77,2.1,broken clouds
419,Zhigansk,RU,66.7697,123.3711,5.36,91,30,13.35,scattered clouds
420,Cervo,ES,43.6702,-7.4101,49.96,85,73,4.81,broken clouds
421,Da Lat,VN,11.9465,108.4419,56.98,91,94,2.04,overcast clouds
422,Baiyin,CN,36.5583,104.2081,54.16,17,26,5.06,scattered clouds
423,Montrose,US,38.4166,-108.2673,60.37,19,68,24.07,broken clouds
424,Camacha,PT,33.0833,-16.3333,58.42,67,20,8.05,few clouds
425,Cabra,ES,37.4725,-4.4421,57.74,75,100,5.08,overcast clouds
426,Dehloran,IR,32.6941,47.2679,69.3,29,0,8.79,clear sky
427,Asosa,ET,10.0667,34.5333,70.09,47,92,4.43,overcast clouds
428,Rudbar,AF,30.15,62.6,80.49,10,33,11.12,scattered clouds
429,Lincoln,US,40.8,-96.667,71.01,18,0,20.71,clear sky
430,Eenhana,NA,-17.4667,16.3333,71.15,57,42,2.75,scattered clouds
431,Naryan-Mar,RU,67.6713,53.087,34.95,100,100,14.61,overcast clouds
432,Bambous Virieux,MU,-20.3428,57.7575,77.25,88,40,6.91,scattered clouds
433,Paysandu,UY,-32.3214,-58.0756,74.61,71,36,5.39,scattered clouds
434,Puerto Cabezas,NI,14.0351,-83.3888,87.76,62,40,13.8,scattered clouds
435,Niort,FR,46.3333,-0.3333,39.61,83,36,2.08,scattered clouds
436,Uvarovka,RU,55.5278,35.6061,42.82,96,100,7.92,overcast clouds
437,Vega De Alatorre,MX,20.0333,-96.6333,77.13,60,4,23.06,clear sky
438,Malakal,SS,9.5334,31.6605,88.48,35,21,2.33,few clouds
439,Wauconda,US,42.2589,-88.1393,51.67,50,97,7.0,overcast clouds
440,Gwadar,PK,25.1216,62.3254,80.47,69,81,12.24,broken clouds
441,Beloha,MG,-25.1667,45.05,72.93,83,70,14.85,broken clouds
442,Binabalian,PH,16.4202,119.9279,80.58,75,84,8.75,broken clouds
443,Rio Cuarto,AR,-33.1307,-64.3499,74.97,46,0,25.32,clear sky
444,Hihya,EG,30.6713,31.588,56.19,89,70,6.62,broken clouds
445,Mogadishu,SO,2.0371,45.3438,81.18,75,82,11.36,broken clouds
446,Najran,SA,17.4924,44.1277,70.45,18,0,4.05,clear sky
447,Khani,GE,41.9563,42.9566,42.37,78,16,8.68,few clouds
448,Hambantota,LK,6.1241,81.1185,77.99,83,92,9.98,overcast clouds
449,Fonte Boa,BR,-2.4959,-66.2662,74.64,98,79,3.83,light rain
450,Rancho Palos Verdes,US,33.7445,-118.387,86.99,66,0,16.11,clear sky
451,Petrovsk,RU,52.3064,45.3917,44.17,96,99,3.69,overcast clouds
452,Safford,US,32.834,-109.7076,90.52,5,0,23.02,clear sky
453,Kruisfontein,ZA,-34.0033,24.7314,62.89,93,76,9.06,broken clouds
454,Broken Hill,AU,-31.95,141.4333,65.91,77,2,9.22,clear sky
455,Belawan,ID,3.7755,98.6832,75.49,89,100,2.84,overcast clouds
456,Chichibu,JP,35.9903,139.0764,60.58,43,0,1.39,clear sky
457,Alice Springs,AU,-23.7,133.8833,69.22,32,0,3.44,clear sky
458,Changji,CN,44.0167,87.3167,52.59,43,0,2.24,light rain
459,Mana,GF,5.6592,-53.7767,77.29,89,85,11.83,light rain
460,Ampanihy,MG,-24.7,44.75,71.51,86,58,12.08,broken clouds
461,Jumla,NP,29.2747,82.1838,46.58,63,2,4.9,clear sky
462,Cotonou,BJ,6.3654,2.4183,80.58,83,20,2.3,few clouds
463,Kaiserslautern,DE,49.45,7.75,38.34,94,0,3.44,clear sky
464,Pangoa,PE,-12.1167,-73.0,70.77,99,100,1.14,overcast clouds
465,Port Blair,IN,11.6667,92.75,80.46,78,94,1.16,overcast clouds
466,Cap Malheureux,MU,-19.9842,57.6142,76.46,85,16,1.01,few clouds
467,Taksimo,RU,56.3444,114.8794,20.43,89,100,1.16,overcast clouds
468,Stromness,GB,58.965,-3.296,37.36,86,95,1.99,overcast clouds
469,Panguna,PG,-6.3164,155.4848,79.36,58,48,2.39,scattered clouds
470,Kamaishi,JP,39.2667,141.8833,57.7,53,82,5.08,broken clouds
471,Lodwar,KE,3.1191,35.5973,85.32,42,9,11.39,clear sky
472,Yerofey Pavlovich,RU,53.9667,121.9667,26.85,62,100,9.08,overcast clouds
473,Bilma,NE,18.6853,12.9164,84.63,7,0,3.87,clear sky
474,Townsville,AU,-19.25,146.8,83.28,61,47,5.75,scattered clouds
475,Lakhdenpokhya,RU,61.5198,30.1992,31.89,98,99,5.59,overcast clouds
476,Todos Santos,MX,23.45,-110.2167,70.45,74,10,6.78,clear sky
477,Novo Aripuana,BR,-5.1206,-60.3797,75.2,97,100,2.71,overcast clouds
478,Mashhad,IR,36.297,59.6062,66.34,37,100,6.91,overcast clouds
479,Kavaratti,IN,10.5669,72.642,83.05,76,88,6.24,light rain
480,Takahashi,JP,34.7833,133.6167,62.19,54,2,1.5,clear sky
481,Eyrarbakki,IS,63.863,-21.1481,35.65,74,100,18.9,overcast clouds
482,Husavik,IS,66.0449,-17.3389,22.51,84,98,6.04,overcast clouds
483,East Wenatchee Bench,US,47.4257,-120.2812,52.18,32,75,18.41,broken clouds
484,Esperance,AU,-33.8667,121.9,55.24,69,37,9.86,scattered clouds
485,Tecpan,GT,14.7623,-90.9947,63.61,66,98,7.47,overcast clouds
486,Dwarka,IN,22.2394,68.9678,79.34,79,3,10.76,clear sky
487,Tuatapere,NZ,-46.1333,167.6833,58.21,61,61,2.64,broken clouds
488,Aguas Belas,BR,-9.1114,-37.1231,76.37,76,66,10.29,broken clouds
489,Katete,UG,-0.7818,29.7544,60.35,81,78,4.25,broken clouds
490,Oranjemund,NA,-28.55,16.4333,61.29,78,0,2.42,clear sky
491,Kudahuvadhoo,MV,2.6708,72.8944,84.07,67,100,11.07,overcast clouds
492,Armidale,AU,-30.5167,151.65,61.41,74,46,4.21,scattered clouds
493,Chicama,PE,-7.8447,-79.1469,68.54,71,95,7.99,overcast clouds
494,Yima,CN,34.7381,111.8839,66.25,36,0,2.24,clear sky
495,Catuday,PH,16.2923,119.8062,78.75,72,81,4.92,broken clouds
496,Coolum Beach,AU,-26.5333,153.1,75.34,87,73,10.07,broken clouds
497,Nairn,GB,57.5809,-3.8797,39.16,87,55,9.46,broken clouds
498,Port Hedland,AU,-20.3167,118.5667,73.45,78,6,8.05,clear sky
499,Stornoway,GB,58.2093,-6.3865,37.92,86,20,3.44,few clouds
500,Sovetskiy,RU,61.3614,63.5842,32.47,97,100,6.67,overcast clouds
501,Faanui,PF,-16.4833,-151.75,82.63,74,84,17.92,broken clouds
502,Dukat,RU,62.55,155.55,0.95,87,100,4.38,overcast clouds
503,Caraballeda,VE,10.6112,-66.8522,84.27,84,20,2.3,few clouds
504,Shahrud,IR,36.4182,54.9763,61.02,44,99,6.22,overcast clouds
505,Oistins,BB,13.0667,-59.5333,78.48,71,85,19.91,overcast clouds
506,Chengde,CN,40.9725,117.9361,55.76,50,27,1.23,scattered clouds
507,Severobaykalsk,RU,55.65,109.3167,20.52,87,100,4.21,overcast clouds
508,Fara In Sabina,IT,42.2089,12.7292,47.26,82,30,1.01,scattered clouds
509,Atyrau,KZ,47.1167,51.8833,53.62,82,75,6.71,broken clouds
510,Campbell River,CA,50.0163,-125.2446,47.59,49,75,5.75,broken clouds
511,Antalaha,MG,-14.9003,50.2788,72.5,86,64,7.14,broken clouds
512,Hofn,IS,64.2539,-15.2082,26.62,74,20,3.44,few clouds
513,Port Said,EG,31.2565,32.2841,60.78,88,0,5.75,clear sky
514,Wajima,JP,37.4,136.9,59.54,63,0,12.33,clear sky
515,Hede,CN,33.7681,120.2517,60.03,74,98,8.86,overcast clouds
516,Mayo,US,38.8876,-76.5119,54.36,47,100,11.01,overcast clouds
517,Phan Thiet,VN,10.9333,108.1,74.82,77,95,3.42,overcast clouds
518,Mount Isa,AU,-20.7333,139.5,83.97,32,56,4.61,broken clouds
519,Cayenne,GF,4.9333,-52.3333,82.09,1,75,6.91,broken clouds
520,Dinar,TR,38.065,30.1656,51.76,72,96,8.57,overcast clouds
521,Kolokani,ML,13.5728,-8.0339,86.68,11,21,8.95,few clouds
522,Marieville,CA,45.4334,-73.1658,47.01,91,100,2.1,overcast clouds
523,Jishou,CN,28.3167,109.7167,65.53,83,85,2.17,overcast clouds
524,Bad Aussee,AT,47.61,13.7824,32.92,100,100,3.33,light snow
525,Kahului,US,20.8947,-156.47,84.22,64,40,19.57,scattered clouds
526,Cadillac,US,44.2519,-85.4012,37.08,69,100,9.22,overcast clouds
527,Thinadhoo,MV,0.5333,72.9333,83.52,68,72,10.63,broken clouds
528,Pitimbu,BR,-7.4706,-34.8086,79.39,82,97,11.1,overcast clouds
529,Parfenyevo,RU,58.484,43.4088,39.29,99,100,6.8,overcast clouds
530,Shingu,JP,33.7333,135.9833,65.03,52,0,1.05,clear sky
531,Joshimath,IN,30.5667,79.5667,53.51,45,1,8.34,clear sky
532,Sambava,MG,-14.2667,50.1667,73.18,89,98,9.84,overcast clouds
533,Wakkanai,JP,45.4094,141.6739,39.04,79,19,2.57,few clouds
534,Yuryevets,RU,57.3201,43.1041,37.83,99,100,8.08,overcast clouds
535,Bereda,ES,43.2686,-7.5406,43.14,100,55,1.39,broken clouds
536,The Valley,AI,18.217,-63.0578,80.46,73,20,16.11,few clouds
537,Shipunovo,RU,52.1582,82.2173,31.32,84,6,4.9,clear sky
538,Kununurra,AU,-15.7667,128.7333,66.18,88,44,0.0,scattered clouds
539,Tual,ID,-5.6667,132.75,84.45,71,38,14.45,scattered clouds
540,Lakatoro,VU,-16.0999,167.4164,84.47,68,53,7.25,broken clouds
541,Pangani,TZ,-5.4333,38.9667,79.03,81,44,6.78,light rain
542,Zyryanka,RU,65.75,150.85,-6.48,93,98,7.11,overcast clouds
543,Oranjestad,AW,12.524,-70.027,82.35,69,20,23.02,few clouds
544,Nueva Loja,EC,0.0847,-76.8828,84.22,74,75,5.75,broken clouds
545,Minsk,BY,53.9,27.5667,37.15,78,100,5.82,overcast clouds
546,Mount Gambier,AU,-37.8333,140.7667,62.51,72,86,13.8,overcast clouds
547,Pativilca,PE,-10.7,-77.7833,69.3,80,62,7.07,broken clouds
548,Black River,JM,18.0264,-77.8487,79.34,75,90,2.39,overcast clouds
549,Nioro,GM,13.35,-15.75,85.08,24,5,6.85,clear sky
550,Howard Springs,AU,-12.497,131.047,82.87,97,91,4.05,overcast clouds
551,Seymchan,RU,62.8833,152.4333,0.28,77,100,9.01,overcast clouds
552,Pathein,MM,16.7833,94.7333,76.73,85,19,5.44,few clouds
553,Terrace,CA,54.5163,-128.6035,44.51,42,75,8.05,broken clouds
554,Sur,OM,22.5667,59.5289,86.88,42,89,9.46,overcast clouds
555,Melfort,CA,52.8667,-104.6177,39.33,56,90,13.24,overcast clouds
556,Summerville,US,33.0185,-80.1757,51.8,56,100,18.41,overcast clouds
557,Rio Bueno,CL,-40.3167,-72.9667,53.74,93,48,3.27,scattered clouds
558,Polunochnoye,RU,60.8697,60.4153,32.61,99,100,5.35,overcast clouds
559,Asau,RO,46.4333,26.4,43.72,100,100,3.27,overcast clouds
560,Gigmoto,PH,13.7796,124.39,79.09,88,100,13.29,moderate rain
561,Malchevskaya,RU,49.0552,40.3625,48.42,79,75,7.61,broken clouds
562,Belmonte,BR,-15.8631,-38.8828,78.37,79,22,6.69,few clouds
563,Tezu,IN,27.9167,96.1667,65.97,78,19,3.83,few clouds
564,Kars,TR,40.602,43.095,25.5,79,13,2.42,few clouds
565,Arlit,NE,18.7369,7.3853,88.65,5,0,6.73,clear sky
566,Sipoo,FI,60.3775,25.2691,36.03,80,40,18.41,scattered clouds
567,Shestakovo,RU,56.4915,103.96,29.79,97,100,2.57,light snow
568,Khandyga,RU,62.6667,135.6,24.94,92,100,2.86,overcast clouds
569,Ouadda,CF,8.0777,22.4007,76.41,48,95,5.3,overcast clouds
570,Champerico,GT,14.3,-91.9167,81.14,66,81,9.48,broken clouds
571,Galesong,ID,-5.3166,119.3661,73.42,79,95,3.09,overcast clouds
572,Otane,NZ,-39.8833,176.6333,61.02,52,0,0.67,clear sky
573,Murovani Kurylivtsi,UA,48.7235,27.5189,44.06,72,100,13.51,overcast clouds
574,Pilot Butte,CA,50.4668,-104.4178,44.65,70,100,19.57,overcast clouds
575,Auch,FR,43.65,0.5833,44.35,77,52,3.38,broken clouds
576,Manado,ID,1.487,124.8455,77.77,94,20,1.14,few clouds
577,Mahibadhoo,MV,3.7833,72.9667,83.89,73,98,11.88,overcast clouds
578,Tekeli,KZ,44.83,78.8239,44.1,71,93,3.13,overcast clouds
579,La Romana,DO,18.4273,-68.9728,84.56,61,20,6.91,few clouds
580,Mountain Home,US,43.133,-115.6912,49.48,100,0,26.46,clear sky
581,Alihe,CN,50.5667,123.7167,36.39,89,100,17.05,overcast clouds
582,Burriana,ES,39.889,-0.085,59.7,69,23,3.87,few clouds
583,Plettenberg Bay,ZA,-34.0527,23.3716,60.51,86,14,8.7,few clouds
584,Birao,CF,10.2849,22.7882,85.57,29,41,5.35,scattered clouds
585,Kapit,MY,2.0167,112.9333,72.75,99,100,1.39,light rain
586,Lagoa Vermelha,BR,-28.2086,-51.5258,59.25,92,56,3.27,broken clouds
587,Voh,NC,-20.9667,164.7,81.18,76,77,5.84,broken clouds
588,Santa Vitoria Do Palmar,BR,-33.5189,-53.3681,67.21,85,41,10.13,scattered clouds
589,La Rioja,ES,42.25,-2.5,37.18,80,83,5.23,broken clouds
590,Lannion,FR,48.75,-3.4167,42.01,83,20,4.61,few clouds
591,Demyanovo,RU,60.3511,47.0842,38.34,95,88,9.95,overcast clouds
592,Sao Joao Da Barra,BR,-21.6403,-41.0511,77.41,88,92,9.69,overcast clouds
593,Pacific Grove,US,36.6177,-121.9166,73.87,66,0,13.0,clear sky
594,Bonthe,SL,7.5264,-12.505,78.93,88,82,4.12,broken clouds
595,Mecca,SA,21.4267,39.8261,81.25,32,7,5.53,clear sky
596,Yumen,CN,40.2833,97.2,48.33,34,22,4.7,few clouds
597,Belize,BZ,17.25,-88.75,71.92,65,90,7.05,overcast clouds
598,Itarema,BR,-2.9248,-39.9167,76.39,86,100,6.98,overcast clouds
599,Krasnoselkup,RU,65.7,82.4667,-15.65,100,48,5.88,scattered clouds
600,Marawi,PH,7.9986,124.2928,69.57,90,100,2.21,overcast clouds
601,Kaman,IN,27.65,77.2667,84.97,11,0,6.31,clear sky
602,Farafangana,MG,-22.8167,47.8333,74.79,83,55,7.85,light rain
603,Lundazi,ZM,-12.2929,33.1782,63.57,94,13,8.25,few clouds
604,Swift Current,CA,50.2834,-107.8014,43.61,56,40,24.16,scattered clouds
605,Bathsheba,BB,13.2167,-59.5167,78.73,71,93,18.88,overcast clouds
606,Quelimane,MZ,-17.8786,36.8883,76.95,94,20,2.3,few clouds
607,Paciran,ID,-6.8767,112.3761,76.93,88,93,7.4,overcast clouds
608,Maniitsoq,GL,65.4167,-52.9,18.18,81,71,4.65,broken clouds
609,Paamiut,GL,61.994,-49.6678,24.67,77,30,8.75,scattered clouds
610,Zemaiciu Naumiestis,LT,55.3592,21.7022,38.53,75,25,17.69,scattered clouds
611,Darnah,LY,32.767,22.6367,61.07,58,45,9.64,scattered clouds
612,Tilichiki,RU,60.4667,166.1,22.6,77,54,2.86,broken clouds
613,Saint-Louis,SN,16.3333,-15.0,91.04,17,4,16.42,clear sky
614,Mount Barker,AU,-35.0667,138.8667,74.66,45,84,9.8,broken clouds
615,Takoradi,GH,4.8845,-1.7554,81.01,85,92,7.56,overcast clouds
616,Matay,EG,28.419,30.7792,67.8,46,100,16.26,overcast clouds
617,Cairns,AU,-16.9167,145.7667,84.11,79,40,10.36,scattered clouds
618,Quatre Cocos,MU,-20.2078,57.7625,77.11,81,20,14.12,few clouds
619,Kabompo,ZM,-13.5927,24.2008,62.17,98,99,3.29,light rain
620,Homer,US,59.6425,-151.5483,34.03,53,9,12.48,clear sky
621,Awbari,LY,26.5921,12.7805,75.29,19,0,4.72,clear sky
622,Omsukchan,RU,62.5333,155.8,4.78,85,100,5.08,overcast clouds
623,Hirara,JP,24.8,125.2833,71.46,94,40,6.91,scattered clouds
624,Avera,US,33.194,-82.5271,55.38,44,90,13.13,overcast clouds
625,Acapulco,MX,16.8634,-99.8901,84.9,60,39,10.47,scattered clouds
626,Tashtyp,RU,52.7939,89.8983,28.38,81,100,12.97,overcast clouds
627,Yurla,RU,59.3259,54.3223,36.52,99,100,7.05,overcast clouds
628,Noumea,NC,-22.2763,166.4572,81.0,99,69,11.07,broken clouds
629,Kimbe,PG,-5.5502,150.1429,82.0,82,82,1.72,broken clouds
630,Alanya,TR,36.5438,31.9998,63.63,77,100,9.44,overcast clouds
631,Broome,US,42.2506,-75.833,47.7,69,100,10.36,light rain
632,Camana,PE,-16.6228,-72.7111,68.97,82,62,6.4,broken clouds
633,Namtsy,RU,62.7161,129.6658,19.99,89,100,9.31,overcast clouds
634,Sao Jose Da Coroa Grande,BR,-8.8978,-35.1478,79.47,82,100,9.17,overcast clouds
635,State College,US,40.7934,-77.86,44.82,72,75,14.97,broken clouds
636,Vaitape,PF,-16.5167,-151.75,82.67,74,82,17.92,broken clouds
637,Sombrio,BR,-29.1139,-49.6167,71.94,93,56,1.74,broken clouds
638,Smithers,CA,54.7804,-127.1743,39.52,48,75,12.66,broken clouds
639,Qasigiannguit,GL,68.8193,-51.1922,1.99,96,80,5.21,broken clouds
640,Xining,CN,36.6167,101.7667,46.13,20,27,2.57,scattered clouds
641,Yerbogachen,RU,61.2767,108.0108,13.91,94,21,5.91,few clouds
642,Korla,CN,41.7597,86.1469,64.67,30,100,8.68,overcast clouds
643,Kalinovskoye,RU,44.8635,42.9622,48.78,87,16,1.36,few clouds
644,Sainte-Rose,GP,16.3324,-61.6979,77.04,69,75,10.36,broken clouds
645,Arman,RU,59.7,150.1667,17.02,82,50,3.69,scattered clouds
646,Rincon,US,32.296,-81.2354,54.86,43,77,11.45,broken clouds
647,Verkhnyaya Toyma,RU,62.2349,44.9985,35.67,100,100,3.6,overcast clouds
648,Sa Kaeo,TH,13.75,102.3333,75.06,46,44,0.83,scattered clouds
649,Pekan,MY,3.4836,103.3996,75.31,90,87,3.02,overcast clouds
650,Praia,CV,14.9215,-23.5087,72.14,73,0,16.11,clear sky
651,Constitucion,CL,-35.3333,-72.4167,54.66,88,4,4.56,clear sky
652,Portales,US,34.1862,-103.3344,86.32,4,1,8.01,clear sky
653,Mandalgovi,MN,45.7625,106.2708,38.21,57,100,4.09,overcast clouds
654,Tivaouane,SN,14.9515,-16.8129,73.74,44,4,17.85,clear sky
655,Ciudad Bolivar,VE,8.1222,-63.5497,89.19,44,84,11.97,broken clouds
656,Gari,RU,59.4307,62.3497,32.97,98,99,6.51,overcast clouds
657,Baruun-Urt,MN,46.6806,113.2792,34.75,50,1,15.14,clear sky
658,Lengshuijiang,CN,27.6881,111.4294,67.32,83,100,1.66,overcast clouds
659,Boa Vista,BR,2.8197,-60.6733,82.38,69,40,11.5,scattered clouds
660,Sao Miguel Do Araguaia,BR,-13.275,-50.1628,78.35,63,39,2.71,scattered clouds
661,Padang,ID,-0.9492,100.3543,73.45,76,82,3.89,broken clouds
662,Yangambi,CD,0.8102,24.4336,73.42,68,39,1.28,scattered clouds
663,Skjervoy,NO,70.0311,20.9714,33.8,86,100,14.25,overcast clouds
664,Tsogni,GA,-2.7942,10.0988,72.84,89,78,3.4,broken clouds
665,Beringovskiy,RU,63.05,179.3167,34.09,85,92,24.49,overcast clouds
666,Khorixas,NA,-20.3667,14.9667,70.5,35,0,2.06,clear sky
667,Balkanabat,TM,39.5108,54.3671,67.69,44,100,6.93,overcast clouds
668,Udachnyy,RU,66.4167,112.4,3.58,99,80,1.74,broken clouds
669,Izumo,JP,35.3667,132.7667,53.55,76,0,9.22,clear sky
670,Kosa,RU,59.9445,54.9977,35.92,99,100,7.02,overcast clouds
